Workbook
Name NativeTimeline_Date: #N/A
Name Slicer_Category: #N/A
Name Slicer_Supplier: #N/A
Name Slicer_Warehouse: #N/A

Sheet Dashboard
Z2: Total Units Sold | AA2: =GETPIVOTDATA("Total Units Sold",PivotTables!$Y$3) -> 136024
Z3: Avg Opening Stock | AA3: =GETPIVOTDATA("Avg Opening Stock",PivotTables!$Y$3) -> 164.0265
Z4: Avg Closing Stock | AA4: =GETPIVOTDATA("Avg Closing Stock",PivotTables!$Y$3) -> 179.8675
Z5: Stockout Days | AA5: =GETPIVOTDATA("Stockout Days",PivotTables!$Y$3) -> 22
Z6: Inventory Turnover | AA6: =AA2/AVERAGE(AA3,AA4) -> 791.08097
Z7: Stockout Rate | AA7: =AA5/(COUNTA(Data!A:A)-1) -> 0.011

Sheet PivotTables
A1: Category-wise Units Sold | E1: Warehouse-wise Units Sold | I1: Supplier-wise Average Lead Time | M1: Monthly Units Sold Trend | Q1: Stockout Count by Category | U1: Product-wise Units Sold | Y1: KPI Support Pivot
A3: Row Labels | B3: Total Units Sold | E3: Row Labels | F3: Total Units Sold | I3: Row Labels | J3: Average Lead Time | M3: Row Labels | N3: Monthly Units Sold | Q3: Row Labels | R3: Stockout Count | U3: Row Labels | V3: Total Units Sold | Y3: Total Units Sold | Z3: Avg Opening Stock | AA3: Avg Closing Stock | AB3: Stockout Days | AC3: Lead Time Variance
A4: Clothing | B4: 30421 | E4: Fukuoka Warehouse | F4: 34538 | I4: Comfort Living Supply | J4: 8.3486842 | M4: Jan | N4: 11683 | Q4: Clothing | R4: 7 | U4: A4 Notebook | V4: 2475 | Y4: 136024 | Z4: 164.0265 | AA4: 179.8675 | AB4: 22 | AC4: 7.24
A5: Electronics | B5: 17616 | E5: Nagoya Depot | F5: 35097 | I5: Digital Edge Co. | J5: 7.958042 | M5: Feb | N5: 9855 | Q5: Electronics | R5: 8 | U5: Ankle Socks | V5: 1576
A6: Food | B6: 48709 | E6: Osaka Central | F6: 33787 | I6: OakLine Interiors | J6: 8.2686567 | M6: Mar | N6: 9690 | Q6: Food | R6: 3 | U6: Ballpoint Pen Pack | V6: 1448
A7: Furniture | B7: 4386 | E7: Tokyo Hub | F7: 32602 | I7: PaperPoint Trading | J7: 8.2385321 | M7: Apr | N7: 11261 | Q7: Furniture | R7: 0 | U7: Basmati Rice 5kg | V7: 3687
A8: Stationery | B8: 34892 | E8: Grand Total | F8: 136024 | I8: Prime Garments Ltd. | J8: 8.3538462 | M8: May | N8: 11772 | Q8: Stationery | R8: 4 | U8: Bedside Table | V8: 254
A9: Grand Total | B9: 136024 | I9: StyleLine Apparel | J9: 8.1830986 | M9: Jun | N9: 11758 | Q9: Grand Total | R9: 22 | U9: Bluetooth Speaker | V9: 866
I10: TechNova Supplies | J10: 8.0149254 | M10: Jul | N10: 11498 | U10: Bookshelf | V10: 371
I11: UrbanWear Distributors | J11: 8.1578947 | M11: Aug | N11: 12978 | U11: Breakfast Cereal | V11: 2178
I12: Grand Total | J12: 8.189415 | M12: Sep | N12: 11124 | U12: Brown Sugar | V12: 3014
M13: Oct | N13: 12382 | U13: Canned Tuna | V13: 3076
M14: Nov | N14: 11228 | U14: Cardigan Sweater | V14: 2131
M15: Dec | N15: 10795 | U15: Casual Sneakers | V15: 2160
M16: Grand Total | N16: 136024 | U16: Chocolate Cookies | V16: 3548
U17: Coffee Table | V17: 188
U18: Computer Desk | V18: 306
U19: Correction Tape | V19: 1981
U20: Cotton T-Shirt | V20: 2438
U21: Denim Jeans | V21: 1961
U22: Desk Organizer | V22: 2587
U23: Dining Chair | V23: 257
U24: Display Shelf | V24: 252
U25: Eraser Pack | V25: 2436
U26: File Folder Set | V26: 2405
U27: Fitness Tracker | V27: 1259
U28: Folding Table | V28: 324
... U84: Grand Total | V84: 136024

Sheet Data
A1: Date | B1: Product_ID | C1: Product_Name | D1: Category | E1: Warehouse | F1: Opening_Stock | G1: Units_Received | H1: Units_Sold | I1: Closing_Stock | J1: Stockout_Flag | K1: Lead_Time_Days | L1: Supplier | M1: Unit_Cost | N1: Unit_Price | O1: Year_Month
A2: 45658 | B2: P1008 | C2: LED Monitor | D2: Electronics | E2: Tokyo Hub | F2: 131 | G2: 14 | H2: 30 | I2: =Inventory_Data[[#This Row],[Opening_Stock]]+Inventory_Data[[#This Row],[Units_Received]]-Inventory_Data[[#This Row],[Units_Sold]] -> 115 | J2: 0 | K2: 7 | L2: Digital Edge Co. | M2: 66.2 | N2: 85.22 | O2: =TEXT(Inventory_Data[[#This Row],[Date]],"mmm") -> Jan
A3: 45658 | B3: P1009 | C3: Smartphone Stand | D3: Electronics | E3: Fukuoka Warehouse | F3: 171 | G3: 55 | H3: 26 | I3: =Inventory_Data[[#This Row],[Opening_Stock]]+Inventory_Data[[#This Row],[Units_Received]]-Inventory_Data[[#This Row],[Units_Sold]] -> 200 | J3: 0 | K3: 12 | L3: Digital Edge Co. | M3: 159.16 | N3: 184.42 | O3: =TEXT(Inventory_Data[[#This Row],[Date]],"mmm") -> Jan
A4: 45658 | B4: P1013 | C4: Wi-Fi Router | D4: Electronics | E4: Fukuoka Warehouse | F4: 96 | G4: 69 | H4: 18 | I4: =Inventory_Data[[#This Row],[Opening_Stock]]+Inventory_Data[[#This Row],[Units_Received]]-Inventory_Data[[#This Row],[Units_Sold]] -> 147 | J4: 0 | K4: 7 | L4: NextGen Trading | M4: 62.11 | N4: 85.16 | O4: =TEXT(Inventory_Data[[#This Row],[Date]],"mmm") -> Jan
A5: 45658 | B5: P1034 | C5: Olive Oil 1L | D5: Food | E5: Nagoya Depot | F5: 319 | G5: 185 | H5: 199 | I5: =Inventory_Data[[#This Row],[Opening_Stock]]+Inventory_Data[[#This Row],[Units_Received]]-Inventory_Data[[#This Row],[Units_Sold]] -> 305 | J5: 0 | K5: 3 | L5: Golden Harvest Supply | M5: 11.76 | N5: 16.89 | O5: =TEXT(Inventory_Data[[#This Row],[Date]],"mmm") -> Jan
A6: 45658 | B6: P1038 | C6: Chocolate Cookies | D6: Food | E6: Fukuoka Warehouse | F6: 268 | G6: 129 | H6: 45 | I6: =Inventory_Data[[#This Row],[Opening_Stock]]+Inventory_Data[[#This Row],[Units_Received]]-Inventory_Data[[#This Row],[Units_Sold]] -> 352 | J6: 0 | K6: 5 | L6: Golden Harvest Supply | M6: 4.88 | N6: 6.89 | O6: =TEXT(Inventory_Data[[#This Row],[Date]],"mmm") -> Jan
A7: 45658 | B7: P1067 | C7: Sticky Notes | D7: Stationery | E7: Osaka Central | F7: 236 | G7: 58 | H7: 59 | I7: =Inventory_Data[[#This Row],[Opening_Stock]]+Inventory_Data[[#This Row],[Units_Received]]-Inventory_Data[[#This Row],[Units_Sold]] -> 235 | J7: 0 | K7: 4 | L7: PaperPoint Trading | M7: 1.9 | N7: 2.54 | O7: =TEXT(Inventory_Data[[#This Row],[Date]],"mmm") -> Jan
A8: 45658 | B8: P1074 | C8: Glue Stick | D8: Stationery | E8: Osaka Central | F8: 238 | G8: 101 | H8: 94 | I8: =Inventory_Data[[#This Row],[Opening_Stock]]+Inventory_Data[[#This Row],[Units_Received]]-Inventory_Data[[#This Row],[Units_Sold]] -> 245 | J8: 0 | K8: 5 | L8: WriteWell Supplies | M8: 15.08 | N8: 20.64 | O8: =TEXT(Inventory_Data[[#This Row],[Date]],"mmm") -> Jan
A9: 45658 | B9: P1076 | C9: Eraser Pack | D9: Stationery | E9: Fukuoka Warehouse | F9: 303 | G9: 102 | H9: 115 | I9: =Inventory_Data[[#This Row],[Opening_Stock]]+Inventory_Data[[#This Row],[Units_Received]]-Inventory_Data[[#This Row],[Units_Sold]] -> 290 | J9: 0 | K9: 5 | L9: OfficePro Stationers | M9: 22.17 | N9: 29.14 | O9: =TEXT(Inventory_Data[[#This Row],[Date]],"mmm") -> Jan
A10: 45658 | B10: P1079 | C10: Correction Tape | D10: Stationery | E10: Nagoya Depot | F10: 205 | G10: 135 | H10: 21 | I10: =Inventory_Data[[#This Row],[Opening_Stock]]+Inventory_Data[[#This Row],[Units_Received]]-Inventory_Data[[#This Row],[Units_Sold]] -> 319 | J10: 0 | K10: 9 | L10: WriteWell Supplies | M10: 9.1 | N10: 13.31 | O10: =TEXT(Inventory_Data[[#This Row],[Date]],"mmm") -> Jan
A11: 45659 | B11: P1008 | C11: LED Monitor | D11: Electronics | E11: Osaka Central | F11: 172 | G11: 69 | H11: 69 | I11: =Inventory_Data[[#This Row],[Opening_Stock]]+Inventory_Data[[#This Row],[Units_Received]]-Inventory_Data[[#This Row],[Units_Sold]] -> 172 | J11: 0 | K11: 5 | L11: TechNova Supplies | M11: 108.26 | N11: 136.07 | O11: =TEXT(Inventory_Data[[#This Row],[Date]],"mmm") -> Jan
A12: 45659 | B12: P1030 | C12: Yoga Leggings | D12: Clothing | E12: Nagoya Depot | F12: 125 | G12: 40 | H12: 10 | I12: =Inventory_Data[[#This Row],[Opening_Stock]]+Inventory_Data[[#This Row],[Units_Received]]-Inventory_Data[[#This Row],[Units_Sold]] -> 155 | J12: 0 | K12: 12 | L12: StyleLine Apparel | M12: 53.01 | N12: 65.61 | O12: =TEXT(Inventory_Data[[#This Row],[Date]],"mmm") -> Jan
A13: 45659 | B13: P1049 | C13: Office Chair | D13: Furniture | E13: Tokyo Hub | F13: 53 | G13: 21 | H13: 12 | I13: =Inventory_Data[[#This Row],[Opening_Stock]]+Inventory_Data[[#This Row],[Units_Received]]-Inventory_Data[[#This Row],[Units_Sold]] -> 62 | J13: 0 | K13: 12 | L13: Comfort Living Supply | M13: 339.74 | N13: 511.26 | O13: =TEXT(Inventory_Data[[#This Row],[Date]],"mmm") -> Jan
... A2001: 46022 | B2001: P1062 | C2001: Kitchen Stool | D2001: Furniture | E2001: Fukuoka Warehouse | F2001: 57 | G2001: 13 | H2001: 13 | I2001: =Inventory_Data[[#This Row],[Opening_Stock]]+Inventory_Data[[#This Row],[Units_Received]]-Inventory_Data[[#This Row],[Units_Sold]] -> 57 | J2001: 0 | K2001: 12 | L2001: OakLine Interiors | M2001: 33.67 | N2001: 38.89 | O2001: =TEXT(Inventory_Data[[#This Row],[Date]],"mmm") -> Dec

Sheet Count of Product
C6: Product_ID | D6: Count of Product_Name
C7: P1001 | D7: 33
C8: P1002 | D8: 29
C9: P1003 | D9: 27
C10: P1004 | D10: 23
C11: P1005 | D11: 28
C12: P1006 | D12: 24
C13: P1007 | D13: 22
C14: P1008 | D14: 30
C15: P1009 | D15: 26
C16: P1010 | D16: 19
C17: P1011 | D17: 21
C18: P1012 | D18: 29
... C87: Grand Total | D87: 2000
